"","id","x","y"
"1",1,0.1,8
"2",1,1,6
"3",1,3,2
"4",1,10,0
"5",1,30,1
"6",1,100,0
"7",1,300,0
"8",1,1000,0
"9",2,0.1,68
"10",2,1,11
"11",2,3,0
"12",2,10,0
"13",2,30,0
"14",2,100,0
"15",2,300,0
"16",2,1000,0
"17",3,0.1,14
"18",3,1,8
"19",3,3,1
"20",3,10,3
"21",3,30,1
"22",3,100,0
"23",3,300,0
"24",3,1000,0
"25",4,0.1,2
"26",4,1,13
"27",4,3,7
"28",4,10,0
"29",4,30,2
"30",4,100,0
"31",4,300,0
"32",4,1000,0
"33",5,0.1,4
"34",5,1,9
"35",5,3,8
"36",5,10,0
"37",5,30,0
"38",5,100,0
"39",5,300,0
"40",5,1000,0
"41",6,0.1,11
"42",6,1,0
"43",6,3,1
"44",6,10,0
"45",6,30,0
"46",6,100,0
"47",6,300,0
"48",6,1000,0
"49",7,0.1,11
"50",7,1,8
"51",7,3,0
"52",7,10,0
"53",7,30,3
"54",7,100,0
"55",7,300,0
"56",7,1000,0
"57",8,0.1,16
"58",8,1,16
"59",8,3,10
"60",8,10,2
"61",8,30,0
"62",8,100,0
"63",8,300,0
"64",8,1000,0
"65",9,0.1,20
"66",9,1,7
"67",9,3,0
"68",9,10,0
"69",9,30,0
"70",9,100,0
"71",9,300,0
"72",9,1000,0
"73",10,0.1,6
"74",10,1,8
"75",10,3,5
"76",10,10,1
"77",10,30,0
"78",10,100,0
"79",10,300,0
"80",10,1000,0
"81",11,0.1,10
"82",11,1,9
"83",11,3,6
"84",11,10,0
"85",11,30,1
"86",11,100,0
"87",11,300,0
"88",11,1000,0
"89",12,0.1,40
"90",12,1,4
"91",12,3,0
"92",12,10,0
"93",12,30,0
"94",12,100,0
"95",12,300,0
"96",12,1000,0
"97",13,0.1,27
"98",13,1,12
"99",13,3,1
"100",13,10,0
"101",13,30,1
"102",13,100,0
"103",13,300,0
"104",13,1000,0
"105",14,0.1,5
"106",14,1,7
"107",14,3,0
"108",14,10,2
"109",14,30,0
"110",14,100,0
"111",14,300,0
"112",14,1000,0
"113",15,0.1,7
"114",15,1,0
"115",15,3,3
"116",15,10,0
"117",15,30,1
"118",15,100,0
"119",15,300,0
"120",15,1000,0
"121",16,0.1,10
"122",16,1,0
"123",16,3,0
"124",16,10,0
"125",16,30,0
"126",16,100,0
"127",16,300,0
"128",16,1000,0
"129",17,0.1,8
"130",17,1,0
"131",17,3,3
"132",17,10,0
"133",17,30,0
"134",17,100,0
"135",17,300,0
"136",17,1000,0
"137",18,0.1,9
"138",18,1,6
"139",18,3,4
"140",18,10,3
"141",18,30,3
"142",18,100,2
"143",18,300,0
"144",18,1000,0
"145",19,0.1,19
"146",19,1,18
"147",19,3,8
"148",19,10,3
"149",19,30,0
"150",19,100,0
"151",19,300,0
"152",19,1000,0
"153",20,0.1,28
"154",20,1,18
"155",20,3,13
"156",20,10,3
"157",20,30,1
"158",20,100,0
"159",20,300,0
"160",20,1000,0
"161",21,0.1,10
"162",21,1,2
"163",21,3,0
"164",21,10,0
"165",21,30,0
"166",21,100,0
"167",21,300,0
"168",21,1000,0
"169",22,0.1,12
"170",22,1,8
"171",22,3,6
"172",22,10,1
"173",22,30,0
"174",22,100,0
"175",22,300,0
"176",22,1000,0
"177",23,0.1,14
"178",23,1,17
"179",23,3,14
"180",23,10,10
"181",23,30,9
"182",23,100,2
"183",23,300,0
"184",23,1000,0
"185",24,0.1,9
"186",24,1,5
"187",24,3,9
"188",24,10,3
"189",24,30,0
"190",24,100,0
"191",24,300,0
"192",24,1000,0
"193",25,0.1,11
"194",25,1,0
"195",25,3,0
"196",25,10,0
"197",25,30,0
"198",25,100,0
"199",25,300,0
"200",25,1000,0
"201",26,0.1,25
"202",26,1,17
"203",26,3,8
"204",26,10,3
"205",26,30,0
"206",26,100,0
"207",26,300,0
"208",26,1000,0
"209",27,0.1,14
"210",27,1,10
"211",27,3,3
"212",27,10,0
"213",27,30,1
"214",27,100,0
"215",27,300,0
"216",27,1000,0
"217",28,0.1,18
"218",28,1,12
"219",28,3,10
"220",28,10,0
"221",28,30,0
"222",28,100,0
"223",28,300,0
"224",28,1000,0
"225",29,0.1,53
"226",29,1,48
"227",29,3,45
"228",29,10,27
"229",29,30,9
"230",29,100,1
"231",29,300,0
"232",29,1000,0
"233",30,0.1,21
"234",30,1,4
"235",30,3,3
"236",30,10,0
"237",30,30,0
"238",30,100,0
"239",30,300,0
"240",30,1000,0
"241",31,0.1,12
"242",31,1,17
"243",31,3,13
"244",31,10,4
"245",31,30,2
"246",31,100,0
"247",31,300,0
"248",31,1000,0
"249",32,0.1,17
"250",32,1,12
"251",32,3,4
"252",32,10,0
"253",32,30,0
"254",32,100,0
"255",32,300,0
"256",32,1000,0
"257",33,0.1,22
"258",33,1,12
"259",33,3,8
"260",33,10,4
"261",33,30,0
"262",33,100,0
"263",33,300,0
"264",33,1000,0
"265",34,0.1,85
"266",34,1,60
"267",34,3,29
"268",34,10,3
"269",34,30,1
"270",34,100,0
"271",34,300,0
"272",34,1000,0
"273",35,0.1,22
"274",35,1,18
"275",35,3,11
"276",35,10,2
"277",35,30,0
"278",35,100,0
"279",35,300,0
"280",35,1000,0
"281",36,0.1,22
"282",36,1,0
"283",36,3,1
"284",36,10,0
"285",36,30,0
"286",36,100,0
"287",36,300,0
"288",36,1000,0
"289",37,0.1,6
"290",37,1,1
"291",37,3,0
"292",37,10,1
"293",37,30,1
"294",37,100,0
"295",37,300,0
"296",37,1000,0
"297",38,0.1,11
"298",38,1,9
"299",38,3,5
"300",38,10,9
"301",38,30,6
"302",38,100,2
"303",38,300,0
"304",38,1000,0
"305",39,0.1,49
"306",39,1,4
"307",39,3,1
"308",39,10,0
"309",39,30,0
"310",39,100,0
"311",39,300,0
"312",39,1000,0
"313",40,0.1,26
"314",40,1,20
"315",40,3,12
"316",40,10,3
"317",40,30,0
"318",40,100,0
"319",40,300,0
"320",40,1000,0
"321",41,0.1,3
"322",41,1,3
"323",41,3,3
"324",41,10,0
"325",41,30,2
"326",41,100,0
"327",41,300,0
"328",41,1000,0
"329",42,0.1,18
"330",42,1,19
"331",42,3,15
"332",42,10,8
"333",42,30,1
"334",42,100,0
"335",42,300,0
"336",42,1000,0
"337",43,0.1,21
"338",43,1,20
"339",43,3,13
"340",43,10,1
"341",43,30,2
"342",43,100,0
"343",43,300,0
"344",43,1000,0
"345",44,0.1,39
"346",44,1,23
"347",44,3,5
"348",44,10,0
"349",44,30,0
"350",44,100,0
"351",44,300,0
"352",44,1000,0
"353",45,0.1,31
"354",45,1,14
"355",45,3,2
"356",45,10,0
"357",45,30,0
"358",45,100,0
"359",45,300,0
"360",45,1000,0
"361",46,0.1,35
"362",46,1,32
"363",46,3,28
"364",46,10,12
"365",46,30,1
"366",46,100,0
"367",46,300,0
"368",46,1000,0
"369",47,0.1,29
"370",47,1,25
"371",47,3,25
"372",47,10,15
"373",47,30,9
"374",47,100,1
"375",47,300,0
"376",47,1000,0
"377",48,0.1,19
"378",48,1,13
"379",48,3,7
"380",48,10,0
"381",48,30,0
"382",48,100,0
"383",48,300,0
"384",48,1000,0
"385",49,0.1,32
"386",49,1,0
"387",49,3,0
"388",49,10,0
"389",49,30,0
"390",49,100,0
"391",49,300,0
"392",49,1000,0
"393",50,0.1,31
"394",50,1,26
"395",50,3,23
"396",50,10,12
"397",50,30,4
"398",50,100,0
"399",50,300,0
"400",50,1000,0
"401",51,0.1,7
"402",51,1,13
"403",51,3,5
"404",51,10,3
"405",51,30,1
"406",51,100,0
"407",51,300,0
"408",51,1000,0
"409",52,0.1,20
"410",52,1,8
"411",52,3,6
"412",52,10,1
"413",52,30,0
"414",52,100,0
"415",52,300,0
"416",52,1000,0
"417",53,0.1,25
"418",53,1,21
"419",53,3,10
"420",53,10,2
"421",53,30,1
"422",53,100,0
"423",53,300,0
"424",53,1000,0
"425",54,0.1,19
"426",54,1,3
"427",54,3,1
"428",54,10,3
"429",54,30,0
"430",54,100,0
"431",54,300,0
"432",54,1000,0
"433",55,0.1,21
"434",55,1,25
"435",55,3,18
"436",55,10,22
"437",55,30,17
"438",55,100,7
"439",55,300,1
"440",55,1000,0
"441",56,0.1,10
"442",56,1,0
"443",56,3,0
"444",56,10,0
"445",56,30,2
"446",56,100,0
"447",56,300,0
"448",56,1000,0
"449",57,0.1,3
"450",57,1,0
"451",57,3,0
"452",57,10,0
"453",57,30,1
"454",57,100,0
"455",57,300,0
"456",57,1000,0
"457",58,0.1,32
"458",58,1,10
"459",58,3,0
"460",58,10,0
"461",58,30,1
"462",58,100,0
"463",58,300,0
"464",58,1000,0
"465",59,0.1,59
"466",59,1,1
"467",59,3,2
"468",59,10,0
"469",59,30,0
"470",59,100,0
"471",59,300,0
"472",59,1000,0
"473",60,0.1,0
"474",60,1,2
"475",60,3,1
"476",60,10,1
"477",60,30,2
"478",60,100,0
"479",60,300,0
"480",60,1000,0
"481",61,0.1,19
"482",61,1,15
"483",61,3,6
"484",61,10,1
"485",61,30,0
"486",61,100,0
"487",61,300,0
"488",61,1000,0
"489",62,0.1,4
"490",62,1,3
"491",62,3,0
"492",62,10,0
"493",62,30,0
"494",62,100,0
"495",62,300,0
"496",62,1000,0
"497",63,0.1,8
"498",63,1,6
"499",63,3,0
"500",63,10,0
"501",63,30,0
"502",63,100,0
"503",63,300,0
"504",63,1000,0
"505",64,0.1,3
"506",64,1,0
"507",64,3,0
"508",64,10,0
"509",64,30,2
"510",64,100,0
"511",64,300,0
"512",64,1000,0
"513",65,0.1,7
"514",65,1,1
"515",65,3,2
"516",65,10,0
"517",65,30,0
"518",65,100,0
"519",65,300,0
"520",65,1000,0
"521",66,0.1,43
"522",66,1,9
"523",66,3,1
"524",66,10,0
"525",66,30,1
"526",66,100,0
"527",66,300,0
"528",66,1000,0
"529",67,0.1,13
"530",67,1,9
"531",67,3,6
"532",67,10,0
"533",67,30,3
"534",67,100,0
"535",67,300,0
"536",67,1000,0
"537",68,0.1,8
"538",68,1,7
"539",68,3,2
"540",68,10,1
"541",68,30,0
"542",68,100,0
"543",68,300,0
"544",68,1000,0
"545",69,0.1,23
"546",69,1,11
"547",69,3,4
"548",69,10,3
"549",69,30,1
"550",69,100,0
"551",69,300,0
"552",69,1000,0
"553",70,0.1,17
"554",70,1,7
"555",70,3,11
"556",70,10,1
"557",70,30,2
"558",70,100,1
"559",70,300,0
"560",70,1000,0
"561",71,0.1,4
"562",71,1,0
"563",71,3,0
"564",71,10,0
"565",71,30,1
"566",71,100,0
"567",71,300,0
"568",71,1000,0
"569",72,0.1,30
"570",72,1,16
"571",72,3,3
"572",72,10,0
"573",72,30,0
"574",72,100,0
"575",72,300,0
"576",72,1000,0
"577",73,0.1,7
"578",73,1,4
"579",73,3,4
"580",73,10,1
"581",73,30,1
"582",73,100,0
"583",73,300,0
"584",73,1000,0
"585",74,0.1,32
"586",74,1,20
"587",74,3,7
"588",74,10,2
"589",74,30,0
"590",74,100,0
"591",74,300,0
"592",74,1000,0
"593",75,0.1,6
"594",75,1,3
"595",75,3,4
"596",75,10,1
"597",75,30,2
"598",75,100,0
"599",75,300,0
"600",75,1000,0
"601",76,0.1,36
"602",76,1,27
"603",76,3,12
"604",76,10,1
"605",76,30,1
"606",76,100,0
"607",76,300,0
"608",76,1000,0
"609",77,0.1,41
"610",77,1,34
"611",77,3,30
"612",77,10,17
"613",77,30,6
"614",77,100,0
"615",77,300,0
"616",77,1000,0
"617",78,0.1,90
"618",78,1,35
"619",78,3,7
"620",78,10,4
"621",78,30,2
"622",78,100,0
"623",78,300,0
"624",78,1000,0
"625",79,0.1,18
"626",79,1,14
"627",79,3,11
"628",79,10,8
"629",79,30,4
"630",79,100,0
"631",79,300,0
"632",79,1000,0
"633",80,0.1,9
"634",80,1,8
"635",80,3,2
"636",80,10,6
"637",80,30,2
"638",80,100,1
"639",80,300,0
"640",80,1000,0
"641",81,0.1,19
"642",81,1,17
"643",81,3,17
"644",81,10,14
"645",81,30,13
"646",81,100,3
"647",81,300,0
"648",81,1000,0
"649",82,0.1,18
"650",82,1,21
"651",82,3,8
"652",82,10,1
"653",82,30,2
"654",82,100,0
"655",82,300,0
"656",82,1000,0
"657",83,0.1,30
"658",83,1,31
"659",83,3,25
"660",83,10,14
"661",83,30,2
"662",83,100,1
"663",83,300,0
"664",83,1000,0
"665",84,0.1,10
"666",84,1,9
"667",84,3,3
"668",84,10,4
"669",84,30,1
"670",84,100,0
"671",84,300,0
"672",84,1000,0
"673",85,0.1,4
"674",85,1,8
"675",85,3,6
"676",85,10,5
"677",85,30,4
"678",85,100,1
"679",85,300,0
"680",85,1000,0
"681",86,0.1,10
"682",86,1,7
"683",86,3,3
"684",86,10,0
"685",86,30,0
"686",86,100,0
"687",86,300,0
"688",86,1000,0
"689",87,0.1,2
"690",87,1,5
"691",87,3,8
"692",87,10,2
"693",87,30,0
"694",87,100,0
"695",87,300,0
"696",87,1000,0
"697",88,0.1,58
"698",88,1,36
"699",88,3,11
"700",88,10,2
"701",88,30,0
"702",88,100,0
"703",88,300,0
"704",88,1000,0
"705",89,0.1,28
"706",89,1,0
"707",89,3,2
"708",89,10,0
"709",89,30,0
"710",89,100,0
"711",89,300,0
"712",89,1000,0
"713",90,0.1,27
"714",90,1,4
"715",90,3,0
"716",90,10,0
"717",90,30,0
"718",90,100,0
"719",90,300,0
"720",90,1000,0
"721",91,0.1,15
"722",91,1,0
"723",91,3,0
"724",91,10,0
"725",91,30,1
"726",91,100,0
"727",91,300,0
"728",91,1000,0
"729",92,0.1,30
"730",92,1,18
"731",92,3,6
"732",92,10,3
"733",92,30,2
"734",92,100,0
"735",92,300,0
"736",92,1000,0
"737",93,0.1,12
"738",93,1,15
"739",93,3,14
"740",93,10,12
"741",93,30,4
"742",93,100,1
"743",93,300,0
"744",93,1000,0
"745",94,0.1,25
"746",94,1,16
"747",94,3,21
"748",94,10,17
"749",94,30,7
"750",94,100,1
"751",94,300,0
"752",94,1000,0
"753",95,0.1,9
"754",95,1,7
"755",95,3,5
"756",95,10,1
"757",95,30,2
"758",95,100,0
"759",95,300,0
"760",95,1000,0
"761",96,0.1,5
"762",96,1,6
"763",96,3,9
"764",96,10,5
"765",96,30,4
"766",96,100,1
"767",96,300,0
"768",96,1000,0
"769",97,0.1,13
"770",97,1,9
"771",97,3,0
"772",97,10,2
"773",97,30,0
"774",97,100,0
"775",97,300,0
"776",97,1000,0
"777",98,0.1,7
"778",98,1,12
"779",98,3,8
"780",98,10,6
"781",98,30,2
"782",98,100,0
"783",98,300,0
"784",98,1000,0
"785",99,0.1,35
"786",99,1,26
"787",99,3,25
"788",99,10,8
"789",99,30,0
"790",99,100,0
"791",99,300,0
"792",99,1000,0
"793",100,0.1,9
"794",100,1,9
"795",100,3,7
"796",100,10,7
"797",100,30,6
"798",100,100,1
"799",100,300,0
"800",100,1000,0
"801",101,0.1,15
"802",101,1,12
"803",101,3,2
"804",101,10,0
"805",101,30,0
"806",101,100,0
"807",101,300,0
"808",101,1000,0
"809",102,0.1,17
"810",102,1,6
"811",102,3,0
"812",102,10,1
"813",102,30,1
"814",102,100,0
"815",102,300,0
"816",102,1000,0
"817",103,0.1,18
"818",103,1,14
"819",103,3,5
"820",103,10,2
"821",103,30,0
"822",103,100,0
"823",103,300,0
"824",103,1000,0
"825",104,0.1,22
"826",104,1,17
"827",104,3,11
"828",104,10,1
"829",104,30,1
"830",104,100,0
"831",104,300,0
"832",104,1000,0
"833",105,0.1,20
"834",105,1,14
"835",105,3,6
"836",105,10,5
"837",105,30,0
"838",105,100,0
"839",105,300,0
"840",105,1000,0
"841",106,0.1,5
"842",106,1,2
"843",106,3,2
"844",106,10,0
"845",106,30,1
"846",106,100,0
"847",106,300,0
"848",106,1000,0
"849",107,0.1,6
"850",107,1,8
"851",107,3,0
"852",107,10,3
"853",107,30,0
"854",107,100,0
"855",107,300,0
"856",107,1000,0
"857",108,0.1,21
"858",108,1,18
"859",108,3,18
"860",108,10,16
"861",108,30,12
"862",108,100,6
"863",108,300,1
"864",108,1000,0
"865",109,0.1,14
"866",109,1,11
"867",109,3,8
"868",109,10,12
"869",109,30,4
"870",109,100,0
"871",109,300,0
"872",109,1000,0
"873",110,0.1,16
"874",110,1,11
"875",110,3,9
"876",110,10,1
"877",110,30,0
"878",110,100,0
"879",110,300,0
"880",110,1000,0
"881",111,0.1,21
"882",111,1,3
"883",111,3,3
"884",111,10,0
"885",111,30,0
"886",111,100,0
"887",111,300,0
"888",111,1000,0
"889",112,0.1,24
"890",112,1,18
"891",112,3,19
"892",112,10,3
"893",112,30,1
"894",112,100,0
"895",112,300,0
"896",112,1000,0
"897",113,0.1,55
"898",113,1,24
"899",113,3,7
"900",113,10,0
"901",113,30,0
"902",113,100,0
"903",113,300,0
"904",113,1000,0
"905",114,0.1,10
"906",114,1,2
"907",114,3,5
"908",114,10,3
"909",114,30,0
"910",114,100,0
"911",114,300,0
"912",114,1000,0
"913",115,0.1,10
"914",115,1,9
"915",115,3,9
"916",115,10,7
"917",115,30,5
"918",115,100,2
"919",115,300,0
"920",115,1000,0
"921",116,0.1,16
"922",116,1,0
"923",116,3,3
"924",116,10,0
"925",116,30,1
"926",116,100,0
"927",116,300,0
"928",116,1000,0
"929",117,0.1,26
"930",117,1,29
"931",117,3,15
"932",117,10,6
"933",117,30,0
"934",117,100,0
"935",117,300,0
"936",117,1000,0
"937",118,0.1,10
"938",118,1,6
"939",118,3,8
"940",118,10,4
"941",118,30,0
"942",118,100,1
"943",118,300,0
"944",118,1000,0
"945",119,0.1,9
"946",119,1,12
"947",119,3,7
"948",119,10,4
"949",119,30,0
"950",119,100,0
"951",119,300,0
"952",119,1000,0
"953",120,0.1,18
"954",120,1,4
"955",120,3,4
"956",120,10,0
"957",120,30,2
"958",120,100,0
"959",120,300,0
"960",120,1000,0
"961",121,0.1,8
"962",121,1,7
"963",121,3,4
"964",121,10,0
"965",121,30,1
"966",121,100,0
"967",121,300,0
"968",121,1000,0
"969",122,0.1,25
"970",122,1,7
"971",122,3,2
"972",122,10,0
"973",122,30,1
"974",122,100,0
"975",122,300,0
"976",122,1000,0
"977",123,0.1,12
"978",123,1,6
"979",123,3,13
"980",123,10,4
"981",123,30,5
"982",123,100,0
"983",123,300,0
"984",123,1000,0
"985",124,0.1,20
"986",124,1,0
"987",124,3,0
"988",124,10,0
"989",124,30,1
"990",124,100,0
"991",124,300,0
"992",124,1000,0
"993",125,0.1,10
"994",125,1,9
"995",125,3,6
"996",125,10,0
"997",125,30,0
"998",125,100,0
"999",125,300,0
"1000",125,1000,0
"1001",126,0.1,14
"1002",126,1,9
"1003",126,3,2
"1004",126,10,2
"1005",126,30,0
"1006",126,100,0
"1007",126,300,0
"1008",126,1000,0
"1009",127,0.1,0
"1010",127,1,1
"1011",127,3,8
"1012",127,10,1
"1013",127,30,1
"1014",127,100,0
"1015",127,300,0
"1016",127,1000,0
"1017",128,0.1,7
"1018",128,1,7
"1019",128,3,9
"1020",128,10,6
"1021",128,30,4
"1022",128,100,1
"1023",128,300,0
"1024",128,1000,0
"1025",129,0.1,15
"1026",129,1,13
"1027",129,3,13
"1028",129,10,11
"1029",129,30,6
"1030",129,100,3
"1031",129,300,0
"1032",129,1000,0
"1033",130,0.1,33
"1034",130,1,24
"1035",130,3,15
"1036",130,10,4
"1037",130,30,0
"1038",130,100,0
"1039",130,300,0
"1040",130,1000,0
"1041",131,0.1,22
"1042",131,1,18
"1043",131,3,14
"1044",131,10,7
"1045",131,30,0
"1046",131,100,0
"1047",131,300,0
"1048",131,1000,0
"1049",132,0.1,11
"1050",132,1,16
"1051",132,3,10
"1052",132,10,10
"1053",132,30,1
"1054",132,100,0
"1055",132,300,0
"1056",132,1000,0
"1057",133,0.1,34
"1058",133,1,23
"1059",133,3,10
"1060",133,10,3
"1061",133,30,0
"1062",133,100,0
"1063",133,300,0
"1064",133,1000,0
"1065",134,0.1,31
"1066",134,1,0
"1067",134,3,0
"1068",134,10,3
"1069",134,30,0
"1070",134,100,0
"1071",134,300,0
"1072",134,1000,0
"1073",135,0.1,13
"1074",135,1,18
"1075",135,3,12
"1076",135,10,10
"1077",135,30,4
"1078",135,100,0
"1079",135,300,0
"1080",135,1000,0
"1081",136,0.1,10
"1082",136,1,7
"1083",136,3,5
"1084",136,10,6
"1085",136,30,3
"1086",136,100,1
"1087",136,300,0
"1088",136,1000,0
"1089",137,0.1,19
"1090",137,1,10
"1091",137,3,2
"1092",137,10,1
"1093",137,30,0
"1094",137,100,0
"1095",137,300,0
"1096",137,1000,0
"1097",138,0.1,40
"1098",138,1,14
"1099",138,3,4
"1100",138,10,0
"1101",138,30,0
"1102",138,100,0
"1103",138,300,0
"1104",138,1000,0
"1105",139,0.1,27
"1106",139,1,21
"1107",139,3,12
"1108",139,10,8
"1109",139,30,2
"1110",139,100,0
"1111",139,300,0
"1112",139,1000,0
"1113",140,0.1,16
"1114",140,1,9
"1115",140,3,14
"1116",140,10,3
"1117",140,30,1
"1118",140,100,0
"1119",140,300,0
"1120",140,1000,0
"1121",141,0.1,19
"1122",141,1,6
"1123",141,3,0
"1124",141,10,0
"1125",141,30,0
"1126",141,100,0
"1127",141,300,0
"1128",141,1000,0
"1129",142,0.1,18
"1130",142,1,0
"1131",142,3,1
"1132",142,10,0
"1133",142,30,0
"1134",142,100,0
"1135",142,300,0
"1136",142,1000,0
"1137",143,0.1,8
"1138",143,1,1
"1139",143,3,3
"1140",143,10,1
"1141",143,30,0
"1142",143,100,0
"1143",143,300,0
"1144",143,1000,0
"1145",144,0.1,4
"1146",144,1,0
"1147",144,3,1
"1148",144,10,0
"1149",144,30,0
"1150",144,100,0
"1151",144,300,0
"1152",144,1000,0
"1153",145,0.1,25
"1154",145,1,24
"1155",145,3,16
"1156",145,10,4
"1157",145,30,0
"1158",145,100,0
"1159",145,300,0
"1160",145,1000,0
"1161",146,0.1,12
"1162",146,1,8
"1163",146,3,5
"1164",146,10,1
"1165",146,30,0
"1166",146,100,0
"1167",146,300,0
"1168",146,1000,0
"1169",147,0.1,41
"1170",147,1,2
"1171",147,3,1
"1172",147,10,0
"1173",147,30,1
"1174",147,100,0
"1175",147,300,0
"1176",147,1000,0
"1177",148,0.1,15
"1178",148,1,11
"1179",148,3,9
"1180",148,10,4
"1181",148,30,2
"1182",148,100,0
"1183",148,300,0
"1184",148,1000,0
"1185",149,0.1,30
"1186",149,1,19
"1187",149,3,19
"1188",149,10,7
"1189",149,30,0
"1190",149,100,0
"1191",149,300,0
"1192",149,1000,0
"1193",150,0.1,24
"1194",150,1,26
"1195",150,3,24
"1196",150,10,18
"1197",150,30,19
"1198",150,100,9
"1199",150,300,2
"1200",150,1000,0
"1201",151,0.1,9
"1202",151,1,4
"1203",151,3,7
"1204",151,10,0
"1205",151,30,2
"1206",151,100,0
"1207",151,300,0
"1208",151,1000,0
"1209",152,0.1,83
"1210",152,1,57
"1211",152,3,26
"1212",152,10,4
"1213",152,30,1
"1214",152,100,0
"1215",152,300,0
"1216",152,1000,0
"1217",153,0.1,27
"1218",153,1,24
"1219",153,3,11
"1220",153,10,5
"1221",153,30,0
"1222",153,100,0
"1223",153,300,0
"1224",153,1000,0
"1225",154,0.1,15
"1226",154,1,10
"1227",154,3,11
"1228",154,10,5
"1229",154,30,1
"1230",154,100,0
"1231",154,300,0
"1232",154,1000,0
"1233",155,0.1,84
"1234",155,1,6
"1235",155,3,1
"1236",155,10,0
"1237",155,30,2
"1238",155,100,0
"1239",155,300,0
"1240",155,1000,0
"1241",156,0.1,45
"1242",156,1,0
"1243",156,3,0
"1244",156,10,2
"1245",156,30,0
"1246",156,100,0
"1247",156,300,0
"1248",156,1000,0
"1249",157,0.1,50
"1250",157,1,41
"1251",157,3,19
"1252",157,10,4
"1253",157,30,0
"1254",157,100,0
"1255",157,300,0
"1256",157,1000,0
"1257",158,0.1,38
"1258",158,1,40
"1259",158,3,29
"1260",158,10,19
"1261",158,30,5
"1262",158,100,0
"1263",158,300,0
"1264",158,1000,0
"1265",159,0.1,20
"1266",159,1,19
"1267",159,3,14
"1268",159,10,8
"1269",159,30,5
"1270",159,100,0
"1271",159,300,0
"1272",159,1000,0
"1273",160,0.1,46
"1274",160,1,7
"1275",160,3,3
"1276",160,10,2
"1277",160,30,0
"1278",160,100,0
"1279",160,300,0
"1280",160,1000,0
"1281",161,0.1,20
"1282",161,1,15
"1283",161,3,10
"1284",161,10,1
"1285",161,30,0
"1286",161,100,0
"1287",161,300,0
"1288",161,1000,0
"1289",162,0.1,22
"1290",162,1,21
"1291",162,3,12
"1292",162,10,2
"1293",162,30,1
"1294",162,100,0
"1295",162,300,0
"1296",162,1000,0
"1297",163,0.1,4
"1298",163,1,7
"1299",163,3,3
"1300",163,10,0
"1301",163,30,0
"1302",163,100,0
"1303",163,300,0
"1304",163,1000,0
"1305",164,0.1,30
"1306",164,1,23
"1307",164,3,12
"1308",164,10,1
"1309",164,30,0
"1310",164,100,0
"1311",164,300,0
"1312",164,1000,0
"1313",165,0.1,73
"1314",165,1,49
"1315",165,3,19
"1316",165,10,3
"1317",165,30,0
"1318",165,100,0
"1319",165,300,0
"1320",165,1000,0
"1321",166,0.1,13
"1322",166,1,10
"1323",166,3,5
"1324",166,10,0
"1325",166,30,0
"1326",166,100,0
"1327",166,300,0
"1328",166,1000,0
"1329",167,0.1,49
"1330",167,1,22
"1331",167,3,2
"1332",167,10,1
"1333",167,30,0
"1334",167,100,0
"1335",167,300,0
"1336",167,1000,0
"1337",168,0.1,28
"1338",168,1,18
"1339",168,3,17
"1340",168,10,7
"1341",168,30,1
"1342",168,100,0
"1343",168,300,0
"1344",168,1000,0
"1345",169,0.1,0
"1346",169,1,2
"1347",169,3,7
"1348",169,10,4
"1349",169,30,1
"1350",169,100,0
"1351",169,300,0
"1352",169,1000,0
"1353",170,0.1,16
"1354",170,1,16
"1355",170,3,8
"1356",170,10,2
"1357",170,30,1
"1358",170,100,0
"1359",170,300,0
"1360",170,1000,0
"1361",171,0.1,0
"1362",171,1,3
"1363",171,3,3
"1364",171,10,3
"1365",171,30,1
"1366",171,100,0
"1367",171,300,0
"1368",171,1000,0
"1369",172,0.1,16
"1370",172,1,24
"1371",172,3,18
"1372",172,10,12
"1373",172,30,5
"1374",172,100,0
"1375",172,300,0
"1376",172,1000,0
"1377",173,0.1,14
"1378",173,1,12
"1379",173,3,2
"1380",173,10,0
"1381",173,30,2
"1382",173,100,0
"1383",173,300,0
"1384",173,1000,0
"1385",174,0.1,0
"1386",174,1,4
"1387",174,3,4
"1388",174,10,5
"1389",174,30,0
"1390",174,100,0
"1391",174,300,0
"1392",174,1000,0
"1393",175,0.1,14
"1394",175,1,13
"1395",175,3,7
"1396",175,10,2
"1397",175,30,1
"1398",175,100,0
"1399",175,300,0
"1400",175,1000,0
"1401",176,0.1,11
"1402",176,1,2
"1403",176,3,14
"1404",176,10,2
"1405",176,30,1
"1406",176,100,0
"1407",176,300,0
"1408",176,1000,0
"1409",177,0.1,2
"1410",177,1,10
"1411",177,3,6
"1412",177,10,1
"1413",177,30,0
"1414",177,100,0
"1415",177,300,0
"1416",177,1000,0
"1417",178,0.1,25
"1418",178,1,12
"1419",178,3,6
"1420",178,10,2
"1421",178,30,0
"1422",178,100,0
"1423",178,300,0
"1424",178,1000,0
"1425",179,0.1,9
"1426",179,1,4
"1427",179,3,9
"1428",179,10,3
"1429",179,30,2
"1430",179,100,0
"1431",179,300,0
"1432",179,1000,0
"1433",180,0.1,12
"1434",180,1,5
"1435",180,3,5
"1436",180,10,2
"1437",180,30,2
"1438",180,100,0
"1439",180,300,0
"1440",180,1000,0
"1441",181,0.1,33
"1442",181,1,22
"1443",181,3,23
"1444",181,10,7
"1445",181,30,1
"1446",181,100,0
"1447",181,300,0
"1448",181,1000,0
"1449",182,0.1,7
"1450",182,1,6
"1451",182,3,11
"1452",182,10,10
"1453",182,30,5
"1454",182,100,2
"1455",182,300,0
"1456",182,1000,0
"1457",183,0.1,34
"1458",183,1,30
"1459",183,3,20
"1460",183,10,3
"1461",183,30,1
"1462",183,100,0
"1463",183,300,0
"1464",183,1000,0
"1465",184,0.1,10
"1466",184,1,8
"1467",184,3,6
"1468",184,10,1
"1469",184,30,1
"1470",184,100,0
"1471",184,300,0
"1472",184,1000,0
"1473",185,0.1,36
"1474",185,1,16
"1475",185,3,3
"1476",185,10,0
"1477",185,30,0
"1478",185,100,0
"1479",185,300,0
"1480",185,1000,0
"1481",186,0.1,19
"1482",186,1,16
"1483",186,3,4
"1484",186,10,0
"1485",186,30,0
"1486",186,100,0
"1487",186,300,0
"1488",186,1000,0
"1489",187,0.1,16
"1490",187,1,20
"1491",187,3,2
"1492",187,10,0
"1493",187,30,0
"1494",187,100,0
"1495",187,300,0
"1496",187,1000,0
"1497",188,0.1,3
"1498",188,1,2
"1499",188,3,3
"1500",188,10,3
"1501",188,30,0
"1502",188,100,0
"1503",188,300,0
"1504",188,1000,0
"1505",189,0.1,57
"1506",189,1,39
"1507",189,3,13
"1508",189,10,0
"1509",189,30,0
"1510",189,100,0
"1511",189,300,0
"1512",189,1000,0
"1513",190,0.1,20
"1514",190,1,17
"1515",190,3,11
"1516",190,10,2
"1517",190,30,1
"1518",190,100,0
"1519",190,300,0
"1520",190,1000,0
"1521",191,0.1,32
"1522",191,1,22
"1523",191,3,14
"1524",191,10,4
"1525",191,30,1
"1526",191,100,0
"1527",191,300,0
"1528",191,1000,0
"1529",192,0.1,12
"1530",192,1,10
"1531",192,3,2
"1532",192,10,0
"1533",192,30,2
"1534",192,100,0
"1535",192,300,0
"1536",192,1000,0
"1537",193,0.1,18
"1538",193,1,6
"1539",193,3,1
"1540",193,10,1
"1541",193,30,2
"1542",193,100,0
"1543",193,300,0
"1544",193,1000,0
"1545",194,0.1,51
"1546",194,1,22
"1547",194,3,10
"1548",194,10,3
"1549",194,30,0
"1550",194,100,0
"1551",194,300,0
"1552",194,1000,0
"1553",195,0.1,92
"1554",195,1,33
"1555",195,3,9
"1556",195,10,2
"1557",195,30,3
"1558",195,100,0
"1559",195,300,0
"1560",195,1000,0
"1561",196,0.1,40
"1562",196,1,34
"1563",196,3,31
"1564",196,10,10
"1565",196,30,2
"1566",196,100,0
"1567",196,300,0
"1568",196,1000,0
"1569",197,0.1,43
"1570",197,1,27
"1571",197,3,10
"1572",197,10,3
"1573",197,30,1
"1574",197,100,0
"1575",197,300,0
"1576",197,1000,0
"1577",198,0.1,10
"1578",198,1,10
"1579",198,3,2
"1580",198,10,5
"1581",198,30,3
"1582",198,100,0
"1583",198,300,0
"1584",198,1000,0
"1585",199,0.1,26
"1586",199,1,19
"1587",199,3,16
"1588",199,10,7
"1589",199,30,2
"1590",199,100,0
"1591",199,300,0
"1592",199,1000,0
"1593",200,0.1,40
"1594",200,1,38
"1595",200,3,23
"1596",200,10,12
"1597",200,30,1
"1598",200,100,0
"1599",200,300,0
"1600",200,1000,0
"1601",201,0.1,4
"1602",201,1,5
"1603",201,3,3
"1604",201,10,4
"1605",201,30,2
"1606",201,100,0
"1607",201,300,0
"1608",201,1000,0
"1609",202,0.1,40
"1610",202,1,9
"1611",202,3,0
"1612",202,10,3
"1613",202,30,0
"1614",202,100,0
"1615",202,300,0
"1616",202,1000,0
"1617",203,0.1,15
"1618",203,1,2
"1619",203,3,0
"1620",203,10,0
"1621",203,30,0
"1622",203,100,0
"1623",203,300,0
"1624",203,1000,0
"1625",204,0.1,46
"1626",204,1,8
"1627",204,3,0
"1628",204,10,5
"1629",204,30,1
"1630",204,100,0
"1631",204,300,0
"1632",204,1000,0
"1633",205,0.1,48
"1634",205,1,23
"1635",205,3,7
"1636",205,10,2
"1637",205,30,0
"1638",205,100,0
"1639",205,300,0
"1640",205,1000,0
"1641",206,0.1,13
"1642",206,1,3
"1643",206,3,1
"1644",206,10,0
"1645",206,30,0
"1646",206,100,0
"1647",206,300,0
"1648",206,1000,0
"1649",207,0.1,23
"1650",207,1,10
"1651",207,3,1
"1652",207,10,3
"1653",207,30,0
"1654",207,100,0
"1655",207,300,0
"1656",207,1000,0
"1657",208,0.1,25
"1658",208,1,10
"1659",208,3,1
"1660",208,10,3
"1661",208,30,1
"1662",208,100,0
"1663",208,300,0
"1664",208,1000,0
"1665",209,0.1,0
"1666",209,1,0
"1667",209,3,1
"1668",209,10,1
"1669",209,30,0
"1670",209,100,0
"1671",209,300,0
"1672",209,1000,0
"1673",210,0.1,14
"1674",210,1,13
"1675",210,3,5
"1676",210,10,1
"1677",210,30,1
"1678",210,100,0
"1679",210,300,0
"1680",210,1000,0
"1681",211,0.1,17
"1682",211,1,8
"1683",211,3,7
"1684",211,10,1
"1685",211,30,0
"1686",211,100,0
"1687",211,300,0
"1688",211,1000,0
"1689",212,0.1,27
"1690",212,1,6
"1691",212,3,2
"1692",212,10,0
"1693",212,30,0
"1694",212,100,0
"1695",212,300,0
"1696",212,1000,0
"1697",213,0.1,20
"1698",213,1,16
"1699",213,3,9
"1700",213,10,4
"1701",213,30,0
"1702",213,100,0
"1703",213,300,0
"1704",213,1000,0
"1705",214,0.1,95
"1706",214,1,69
"1707",214,3,42
"1708",214,10,6
"1709",214,30,0
"1710",214,100,0
"1711",214,300,0
"1712",214,1000,0
"1713",215,0.1,6
"1714",215,1,11
"1715",215,3,12
"1716",215,10,4
"1717",215,30,0
"1718",215,100,0
"1719",215,300,0
"1720",215,1000,0
"1721",216,0.1,24
"1722",216,1,22
"1723",216,3,10
"1724",216,10,0
"1725",216,30,0
"1726",216,100,0
"1727",216,300,0
"1728",216,1000,0
"1729",217,0.1,10
"1730",217,1,5
"1731",217,3,7
"1732",217,10,2
"1733",217,30,1
"1734",217,100,0
"1735",217,300,0
"1736",217,1000,0
"1737",218,0.1,67
"1738",218,1,55
"1739",218,3,41
"1740",218,10,9
"1741",218,30,1
"1742",218,100,0
"1743",218,300,0
"1744",218,1000,0
"1745",219,0.1,6
"1746",219,1,7
"1747",219,3,5
"1748",219,10,3
"1749",219,30,2
"1750",219,100,0
"1751",219,300,0
"1752",219,1000,0
"1753",220,0.1,39
"1754",220,1,31
"1755",220,3,24
"1756",220,10,4
"1757",220,30,2
"1758",220,100,0
"1759",220,300,0
"1760",220,1000,0
"1761",221,0.1,15
"1762",221,1,12
"1763",221,3,7
"1764",221,10,0
"1765",221,30,0
"1766",221,100,0
"1767",221,300,0
"1768",221,1000,0
"1769",222,0.1,12
"1770",222,1,7
"1771",222,3,3
"1772",222,10,0
"1773",222,30,0
"1774",222,100,0
"1775",222,300,0
"1776",222,1000,0
"1777",223,0.1,6
"1778",223,1,4
"1779",223,3,0
"1780",223,10,0
"1781",223,30,2
"1782",223,100,0
"1783",223,300,0
"1784",223,1000,0
"1785",224,0.1,29
"1786",224,1,34
"1787",224,3,28
"1788",224,10,18
"1789",224,30,5
"1790",224,100,1
"1791",224,300,0
"1792",224,1000,0
"1793",225,0.1,11
"1794",225,1,0
"1795",225,3,0
"1796",225,10,1
"1797",225,30,0
"1798",225,100,0
"1799",225,300,0
"1800",225,1000,0
"1801",226,0.1,14
"1802",226,1,11
"1803",226,3,0
"1804",226,10,2
"1805",226,30,1
"1806",226,100,0
"1807",226,300,0
"1808",226,1000,0
"1809",227,0.1,7
"1810",227,1,2
"1811",227,3,1
"1812",227,10,1
"1813",227,30,1
"1814",227,100,0
"1815",227,300,0
"1816",227,1000,0
"1817",228,0.1,8
"1818",228,1,10
"1819",228,3,6
"1820",228,10,0
"1821",228,30,1
"1822",228,100,0
"1823",228,300,0
"1824",228,1000,0
"1825",229,0.1,22
"1826",229,1,1
"1827",229,3,0
"1828",229,10,1
"1829",229,30,0
"1830",229,100,0
"1831",229,300,0
"1832",229,1000,0
"1833",230,0.1,15
"1834",230,1,13
"1835",230,3,11
"1836",230,10,9
"1837",230,30,8
"1838",230,100,2
"1839",230,300,0
"1840",230,1000,0
"1841",231,0.1,38
"1842",231,1,32
"1843",231,3,25
"1844",231,10,8
"1845",231,30,0
"1846",231,100,0
"1847",231,300,0
"1848",231,1000,0
"1849",232,0.1,13
"1850",232,1,10
"1851",232,3,15
"1852",232,10,6
"1853",232,30,2
"1854",232,100,0
"1855",232,300,0
"1856",232,1000,0
"1857",233,0.1,8
"1858",233,1,3
"1859",233,3,3
"1860",233,10,0
"1861",233,30,1
"1862",233,100,1
"1863",233,300,0
"1864",233,1000,0
"1865",234,0.1,22
"1866",234,1,18
"1867",234,3,13
"1868",234,10,7
"1869",234,30,0
"1870",234,100,0
"1871",234,300,0
"1872",234,1000,0
"1873",235,0.1,19
"1874",235,1,16
"1875",235,3,12
"1876",235,10,9
"1877",235,30,3
"1878",235,100,0
"1879",235,300,0
"1880",235,1000,0
"1881",236,0.1,7
"1882",236,1,2
"1883",236,3,2
"1884",236,10,0
"1885",236,30,1
"1886",236,100,0
"1887",236,300,0
"1888",236,1000,0
"1889",237,0.1,25
"1890",237,1,12
"1891",237,3,5
"1892",237,10,0
"1893",237,30,0
"1894",237,100,0
"1895",237,300,0
"1896",237,1000,0
"1897",238,0.1,28
"1898",238,1,18
"1899",238,3,16
"1900",238,10,0
"1901",238,30,1
"1902",238,100,0
"1903",238,300,0
"1904",238,1000,0
"1905",239,0.1,12
"1906",239,1,18
"1907",239,3,3
"1908",239,10,1
"1909",239,30,2
"1910",239,100,0
"1911",239,300,0
"1912",239,1000,0
"1913",240,0.1,7
"1914",240,1,2
"1915",240,3,3
"1916",240,10,0
"1917",240,30,0
"1918",240,100,0
"1919",240,300,0
"1920",240,1000,0
"1921",241,0.1,22
"1922",241,1,15
"1923",241,3,8
"1924",241,10,4
"1925",241,30,0
"1926",241,100,0
"1927",241,300,0
"1928",241,1000,0
"1929",242,0.1,4
"1930",242,1,1
"1931",242,3,7
"1932",242,10,2
"1933",242,30,4
"1934",242,100,3
"1935",242,300,2
"1936",242,1000,0
"1937",243,0.1,56
"1938",243,1,2
"1939",243,3,0
"1940",243,10,0
"1941",243,30,0
"1942",243,100,0
"1943",243,300,0
"1944",243,1000,0
"1945",244,0.1,26
"1946",244,1,17
"1947",244,3,15
"1948",244,10,9
"1949",244,30,5
"1950",244,100,0
"1951",244,300,0
"1952",244,1000,0
"1953",245,0.1,18
"1954",245,1,15
"1955",245,3,5
"1956",245,10,1
"1957",245,30,0
"1958",245,100,0
"1959",245,300,0
"1960",245,1000,0
"1961",246,0.1,25
"1962",246,1,26
"1963",246,3,22
"1964",246,10,8
"1965",246,30,4
"1966",246,100,0
"1967",246,300,0
"1968",246,1000,0
"1969",247,0.1,27
"1970",247,1,7
"1971",247,3,0
"1972",247,10,0
"1973",247,30,0
"1974",247,100,0
"1975",247,300,0
"1976",247,1000,0
"1977",248,0.1,20
"1978",248,1,0
"1979",248,3,0
"1980",248,10,1
"1981",248,30,0
"1982",248,100,0
"1983",248,300,0
"1984",248,1000,0
"1985",249,0.1,18
"1986",249,1,12
"1987",249,3,4
"1988",249,10,4
"1989",249,30,0
"1990",249,100,0
"1991",249,300,0
"1992",249,1000,0
"1993",250,0.1,14
"1994",250,1,14
"1995",250,3,10
"1996",250,10,6
"1997",250,30,0
"1998",250,100,0
"1999",250,300,0
"2000",250,1000,0
"2001",251,0.1,8
"2002",251,1,13
"2003",251,3,10
"2004",251,10,2
"2005",251,30,1
"2006",251,100,0
"2007",251,300,0
"2008",251,1000,0
"2009",252,0.1,23
"2010",252,1,20
"2011",252,3,18
"2012",252,10,11
"2013",252,30,4
"2014",252,100,0
"2015",252,300,0
"2016",252,1000,0
"2017",253,0.1,5
"2018",253,1,14
"2019",253,3,7
"2020",253,10,6
"2021",253,30,4
"2022",253,100,0
"2023",253,300,0
"2024",253,1000,0
"2025",254,0.1,20
"2026",254,1,10
"2027",254,3,6
"2028",254,10,0
"2029",254,30,0
"2030",254,100,0
"2031",254,300,0
"2032",254,1000,0
"2033",255,0.1,40
"2034",255,1,18
"2035",255,3,4
"2036",255,10,2
"2037",255,30,0
"2038",255,100,0
"2039",255,300,0
"2040",255,1000,0
"2041",256,0.1,13
"2042",256,1,10
"2043",256,3,4
"2044",256,10,0
"2045",256,30,0
"2046",256,100,0
"2047",256,300,0
"2048",256,1000,0
"2049",257,0.1,2
"2050",257,1,7
"2051",257,3,1
"2052",257,10,1
"2053",257,30,1
"2054",257,100,0
"2055",257,300,0
"2056",257,1000,0
"2057",258,0.1,18
"2058",258,1,19
"2059",258,3,19
"2060",258,10,8
"2061",258,30,2
"2062",258,100,0
"2063",258,300,0
"2064",258,1000,0
"2065",259,0.1,21
"2066",259,1,11
"2067",259,3,9
"2068",259,10,5
"2069",259,30,0
"2070",259,100,0
"2071",259,300,0
"2072",259,1000,0
"2073",260,0.1,18
"2074",260,1,0
"2075",260,3,0
"2076",260,10,0
"2077",260,30,0
"2078",260,100,0
"2079",260,300,0
"2080",260,1000,0
"2081",261,0.1,47
"2082",261,1,43
"2083",261,3,41
"2084",261,10,31
"2085",261,30,13
"2086",261,100,2
"2087",261,300,0
"2088",261,1000,0
"2089",262,0.1,46
"2090",262,1,14
"2091",262,3,2
"2092",262,10,2
"2093",262,30,2
"2094",262,100,0
"2095",262,300,0
"2096",262,1000,0
"2097",263,0.1,13
"2098",263,1,12
"2099",263,3,6
"2100",263,10,6
"2101",263,30,1
"2102",263,100,0
"2103",263,300,0
"2104",263,1000,0
"2105",264,0.1,15
"2106",264,1,11
"2107",264,3,20
"2108",264,10,16
"2109",264,30,11
"2110",264,100,7
"2111",264,300,2
"2112",264,1000,0
"2113",265,0.1,10
"2114",265,1,4
"2115",265,3,5
"2116",265,10,0
"2117",265,30,3
"2118",265,100,0
"2119",265,300,0
"2120",265,1000,0
"2121",266,0.1,11
"2122",266,1,2
"2123",266,3,0
"2124",266,10,0
"2125",266,30,0
"2126",266,100,1
"2127",266,300,0
"2128",266,1000,0
"2129",267,0.1,2
"2130",267,1,13
"2131",267,3,1
"2132",267,10,0
"2133",267,30,1
"2134",267,100,0
"2135",267,300,0
"2136",267,1000,0
"2137",268,0.1,12
"2138",268,1,1
"2139",268,3,2
"2140",268,10,0
"2141",268,30,0
"2142",268,100,0
"2143",268,300,0
"2144",268,1000,0
"2145",269,0.1,19
"2146",269,1,14
"2147",269,3,3
"2148",269,10,5
"2149",269,30,1
"2150",269,100,0
"2151",269,300,0
"2152",269,1000,0
"2153",270,0.1,16
"2154",270,1,11
"2155",270,3,7
"2156",270,10,2
"2157",270,30,1
"2158",270,100,0
"2159",270,300,0
"2160",270,1000,0
"2161",271,0.1,43
"2162",271,1,25
"2163",271,3,6
"2164",271,10,2
"2165",271,30,2
"2166",271,100,0
"2167",271,300,0
"2168",271,1000,0
"2169",272,0.1,33
"2170",272,1,16
"2171",272,3,7
"2172",272,10,1
"2173",272,30,2
"2174",272,100,0
"2175",272,300,0
"2176",272,1000,0
"2177",273,0.1,27
"2178",273,1,9
"2179",273,3,0
"2180",273,10,0
"2181",273,30,0
"2182",273,100,0
"2183",273,300,0
"2184",273,1000,0
"2185",274,0.1,10
"2186",274,1,0
"2187",274,3,3
"2188",274,10,0
"2189",274,30,0
"2190",274,100,0
"2191",274,300,0
"2192",274,1000,0
"2193",275,0.1,10
"2194",275,1,0
"2195",275,3,4
"2196",275,10,0
"2197",275,30,1
"2198",275,100,0
"2199",275,300,0
"2200",275,1000,0
"2201",276,0.1,8
"2202",276,1,6
"2203",276,3,5
"2204",276,10,0
"2205",276,30,3
"2206",276,100,0
"2207",276,300,0
"2208",276,1000,0
"2209",277,0.1,22
"2210",277,1,30
"2211",277,3,24
"2212",277,10,11
"2213",277,30,1
"2214",277,100,0
"2215",277,300,0
"2216",277,1000,0
"2217",278,0.1,32
"2218",278,1,26
"2219",278,3,24
"2220",278,10,11
"2221",278,30,4
"2222",278,100,0
"2223",278,300,0
"2224",278,1000,0
"2225",279,0.1,9
"2226",279,1,6
"2227",279,3,1
"2228",279,10,3
"2229",279,30,0
"2230",279,100,0
"2231",279,300,0
"2232",279,1000,0
"2233",280,0.1,14
"2234",280,1,2
"2235",280,3,0
"2236",280,10,1
"2237",280,30,0
"2238",280,100,0
"2239",280,300,0
"2240",280,1000,0
"2241",281,0.1,22
"2242",281,1,0
"2243",281,3,0
"2244",281,10,2
"2245",281,30,1
"2246",281,100,0
"2247",281,300,0
"2248",281,1000,0
"2249",282,0.1,11
"2250",282,1,15
"2251",282,3,0
"2252",282,10,0
"2253",282,30,1
"2254",282,100,0
"2255",282,300,0
"2256",282,1000,0
"2257",283,0.1,62
"2258",283,1,62
"2259",283,3,46
"2260",283,10,16
"2261",283,30,2
"2262",283,100,0
"2263",283,300,0
"2264",283,1000,0
"2265",284,0.1,7
"2266",284,1,0
"2267",284,3,1
"2268",284,10,0
"2269",284,30,0
"2270",284,100,0
"2271",284,300,0
"2272",284,1000,0
"2273",285,0.1,14
"2274",285,1,10
"2275",285,3,6
"2276",285,10,0
"2277",285,30,0
"2278",285,100,0
"2279",285,300,0
"2280",285,1000,0
"2281",286,0.1,18
"2282",286,1,11
"2283",286,3,4
"2284",286,10,0
"2285",286,30,2
"2286",286,100,0
"2287",286,300,0
"2288",286,1000,0
"2289",287,0.1,16
"2290",287,1,11
"2291",287,3,7
"2292",287,10,2
"2293",287,30,0
"2294",287,100,1
"2295",287,300,0
"2296",287,1000,0
"2297",288,0.1,21
"2298",288,1,0
"2299",288,3,2
"2300",288,10,0
"2301",288,30,0
"2302",288,100,0
"2303",288,300,0
"2304",288,1000,0
"2305",289,0.1,38
"2306",289,1,40
"2307",289,3,37
"2308",289,10,30
"2309",289,30,14
"2310",289,100,2
"2311",289,300,0
"2312",289,1000,0
"2313",290,0.1,10
"2314",290,1,4
"2315",290,3,4
"2316",290,10,0
"2317",290,30,2
"2318",290,100,0
"2319",290,300,0
"2320",290,1000,0
"2321",291,0.1,4
"2322",291,1,0
"2323",291,3,1
"2324",291,10,0
"2325",291,30,0
"2326",291,100,0
"2327",291,300,0
"2328",291,1000,0
"2329",292,0.1,20
"2330",292,1,13
"2331",292,3,14
"2332",292,10,2
"2333",292,30,1
"2334",292,100,0
"2335",292,300,0
"2336",292,1000,0
"2337",293,0.1,25
"2338",293,1,26
"2339",293,3,24
"2340",293,10,18
"2341",293,30,10
"2342",293,100,2
"2343",293,300,0
"2344",293,1000,0
"2345",294,0.1,18
"2346",294,1,11
"2347",294,3,2
"2348",294,10,0
"2349",294,30,0
"2350",294,100,0
"2351",294,300,0
"2352",294,1000,0
"2353",295,0.1,4
"2354",295,1,4
"2355",295,3,0
"2356",295,10,0
"2357",295,30,2
"2358",295,100,0
"2359",295,300,0
"2360",295,1000,0
"2361",296,0.1,19
"2362",296,1,19
"2363",296,3,4
"2364",296,10,3
"2365",296,30,0
"2366",296,100,0
"2367",296,300,0
"2368",296,1000,0
"2369",297,0.1,0
"2370",297,1,8
"2371",297,3,2
"2372",297,10,4
"2373",297,30,0
"2374",297,100,0
"2375",297,300,0
"2376",297,1000,0
"2377",298,0.1,31
"2378",298,1,11
"2379",298,3,1
"2380",298,10,0
"2381",298,30,0
"2382",298,100,0
"2383",298,300,0
"2384",298,1000,0
"2385",299,0.1,8
"2386",299,1,12
"2387",299,3,2
"2388",299,10,0
"2389",299,30,0
"2390",299,100,0
"2391",299,300,0
"2392",299,1000,0
"2393",300,0.1,10
"2394",300,1,3
"2395",300,3,0
"2396",300,10,4
"2397",300,30,2
"2398",300,100,0
"2399",300,300,0
"2400",300,1000,0
"2401",301,0.1,17
"2402",301,1,12
"2403",301,3,7
"2404",301,10,1
"2405",301,30,2
"2406",301,100,0
"2407",301,300,0
"2408",301,1000,0
"2409",302,0.1,31
"2410",302,1,2
"2411",302,3,2
"2412",302,10,0
"2413",302,30,0
"2414",302,100,0
"2415",302,300,0
"2416",302,1000,0
"2417",303,0.1,29
"2418",303,1,16
"2419",303,3,3
"2420",303,10,0
"2421",303,30,0
"2422",303,100,0
"2423",303,300,0
"2424",303,1000,0
"2425",304,0.1,32
"2426",304,1,23
"2427",304,3,11
"2428",304,10,4
"2429",304,30,0
"2430",304,100,0
"2431",304,300,0
"2432",304,1000,0
"2433",305,0.1,40
"2434",305,1,36
"2435",305,3,34
"2436",305,10,20
"2437",305,30,5
"2438",305,100,0
"2439",305,300,0
"2440",305,1000,0
"2441",306,0.1,22
"2442",306,1,7
"2443",306,3,0
"2444",306,10,0
"2445",306,30,0
"2446",306,100,0
"2447",306,300,0
"2448",306,1000,0
"2449",307,0.1,12
"2450",307,1,11
"2451",307,3,7
"2452",307,10,0
"2453",307,30,0
"2454",307,100,0
"2455",307,300,0
"2456",307,1000,0
"2457",308,0.1,16
"2458",308,1,6
"2459",308,3,2
"2460",308,10,0
"2461",308,30,0
"2462",308,100,0
"2463",308,300,0
"2464",308,1000,0
"2465",309,0.1,4
"2466",309,1,5
"2467",309,3,2
"2468",309,10,0
"2469",309,30,0
"2470",309,100,0
"2471",309,300,0
"2472",309,1000,0
"2473",310,0.1,39
"2474",310,1,17
"2475",310,3,5
"2476",310,10,3
"2477",310,30,0
"2478",310,100,0
"2479",310,300,0
"2480",310,1000,0
"2481",311,0.1,69
"2482",311,1,67
"2483",311,3,56
"2484",311,10,45
"2485",311,30,25
"2486",311,100,4
"2487",311,300,0
"2488",311,1000,0
"2489",312,0.1,17
"2490",312,1,2
"2491",312,3,0
"2492",312,10,0
"2493",312,30,0
"2494",312,100,0
"2495",312,300,0
"2496",312,1000,0
"2497",313,0.1,40
"2498",313,1,26
"2499",313,3,13
"2500",313,10,0
"2501",313,30,1
"2502",313,100,0
"2503",313,300,0
"2504",313,1000,0
"2505",314,0.1,9
"2506",314,1,7
"2507",314,3,14
"2508",314,10,4
"2509",314,30,4
"2510",314,100,0
"2511",314,300,0
"2512",314,1000,0
"2513",315,0.1,15
"2514",315,1,12
"2515",315,3,4
"2516",315,10,2
"2517",315,30,0
"2518",315,100,0
"2519",315,300,0
"2520",315,1000,0
"2521",316,0.1,18
"2522",316,1,4
"2523",316,3,2
"2524",316,10,2
"2525",316,30,1
"2526",316,100,0
"2527",316,300,0
"2528",316,1000,0
"2529",317,0.1,33
"2530",317,1,22
"2531",317,3,14
"2532",317,10,1
"2533",317,30,0
"2534",317,100,0
"2535",317,300,0
"2536",317,1000,0
"2537",318,0.1,32
"2538",318,1,11
"2539",318,3,5
"2540",318,10,0
"2541",318,30,0
"2542",318,100,0
"2543",318,300,0
"2544",318,1000,0
"2545",319,0.1,12
"2546",319,1,8
"2547",319,3,8
"2548",319,10,3
"2549",319,30,0
"2550",319,100,0
"2551",319,300,0
"2552",319,1000,0
"2553",320,0.1,12
"2554",320,1,6
"2555",320,3,6
"2556",320,10,3
"2557",320,30,1
"2558",320,100,0
"2559",320,300,0
"2560",320,1000,0
"2561",321,0.1,27
"2562",321,1,15
"2563",321,3,6
"2564",321,10,2
"2565",321,30,0
"2566",321,100,0
"2567",321,300,0
"2568",321,1000,0
"2569",322,0.1,11
"2570",322,1,2
"2571",322,3,0
"2572",322,10,0
"2573",322,30,0
"2574",322,100,0
"2575",322,300,0
"2576",322,1000,0
"2577",323,0.1,17
"2578",323,1,23
"2579",323,3,15
"2580",323,10,11
"2581",323,30,4
"2582",323,100,0
"2583",323,300,0
"2584",323,1000,0
"2585",324,0.1,18
"2586",324,1,21
"2587",324,3,13
"2588",324,10,10
"2589",324,30,3
"2590",324,100,0
"2591",324,300,0
"2592",324,1000,0
"2593",325,0.1,21
"2594",325,1,18
"2595",325,3,13
"2596",325,10,11
"2597",325,30,2
"2598",325,100,0
"2599",325,300,0
"2600",325,1000,0
"2601",326,0.1,21
"2602",326,1,12
"2603",326,3,4
"2604",326,10,1
"2605",326,30,0
"2606",326,100,0
"2607",326,300,0
"2608",326,1000,0
"2609",327,0.1,7
"2610",327,1,9
"2611",327,3,10
"2612",327,10,7
"2613",327,30,3
"2614",327,100,0
"2615",327,300,0
"2616",327,1000,0
"2617",328,0.1,27
"2618",328,1,16
"2619",328,3,7
"2620",328,10,1
"2621",328,30,1
"2622",328,100,0
"2623",328,300,0
"2624",328,1000,0
"2625",329,0.1,5
"2626",329,1,6
"2627",329,3,2
"2628",329,10,0
"2629",329,30,0
"2630",329,100,0
"2631",329,300,0
"2632",329,1000,0
"2633",330,0.1,23
"2634",330,1,28
"2635",330,3,21
"2636",330,10,17
"2637",330,30,6
"2638",330,100,0
"2639",330,300,0
"2640",330,1000,0
"2641",331,0.1,3
"2642",331,1,0
"2643",331,3,0
"2644",331,10,0
"2645",331,30,1
"2646",331,100,0
"2647",331,300,0
"2648",331,1000,0
"2649",332,0.1,10
"2650",332,1,6
"2651",332,3,4
"2652",332,10,1
"2653",332,30,1
"2654",332,100,0
"2655",332,300,0
"2656",332,1000,0
"2657",333,0.1,13
"2658",333,1,6
"2659",333,3,8
"2660",333,10,6
"2661",333,30,0
"2662",333,100,0
"2663",333,300,0
"2664",333,1000,0
"2665",334,0.1,17
"2666",334,1,15
"2667",334,3,1
"2668",334,10,0
"2669",334,30,0
"2670",334,100,0
"2671",334,300,0
"2672",334,1000,0
"2673",335,0.1,13
"2674",335,1,0
"2675",335,3,0
"2676",335,10,0
"2677",335,30,2
"2678",335,100,0
"2679",335,300,0
"2680",335,1000,0
"2681",336,0.1,13
"2682",336,1,1
"2683",336,3,1
"2684",336,10,0
"2685",336,30,0
"2686",336,100,0
"2687",336,300,0
"2688",336,1000,0
"2689",337,0.1,20
"2690",337,1,15
"2691",337,3,5
"2692",337,10,0
"2693",337,30,0
"2694",337,100,0
"2695",337,300,0
"2696",337,1000,0
"2697",338,0.1,7
"2698",338,1,0
"2699",338,3,0
"2700",338,10,0
"2701",338,30,0
"2702",338,100,0
"2703",338,300,0
"2704",338,1000,0
"2705",339,0.1,13
"2706",339,1,7
"2707",339,3,5
"2708",339,10,3
"2709",339,30,0
"2710",339,100,0
"2711",339,300,0
"2712",339,1000,0
"2713",340,0.1,4
"2714",340,1,0
"2715",340,3,1
"2716",340,10,0
"2717",340,30,0
"2718",340,100,0
"2719",340,300,0
"2720",340,1000,0
"2721",341,0.1,18
"2722",341,1,15
"2723",341,3,13
"2724",341,10,5
"2725",341,30,0
"2726",341,100,0
"2727",341,300,0
"2728",341,1000,0
"2729",342,0.1,17
"2730",342,1,18
"2731",342,3,13
"2732",342,10,7
"2733",342,30,2
"2734",342,100,0
"2735",342,300,0
"2736",342,1000,0
"2737",343,0.1,9
"2738",343,1,8
"2739",343,3,12
"2740",343,10,11
"2741",343,30,8
"2742",343,100,4
"2743",343,300,1
"2744",343,1000,0
"2745",344,0.1,8
"2746",344,1,7
"2747",344,3,5
"2748",344,10,1
"2749",344,30,0
"2750",344,100,0
"2751",344,300,0
"2752",344,1000,0
"2753",345,0.1,19
"2754",345,1,16
"2755",345,3,10
"2756",345,10,10
"2757",345,30,2
"2758",345,100,0
"2759",345,300,0
"2760",345,1000,0
"2761",346,0.1,26
"2762",346,1,22
"2763",346,3,23
"2764",346,10,8
"2765",346,30,2
"2766",346,100,1
"2767",346,300,0
"2768",346,1000,0
"2769",347,0.1,29
"2770",347,1,33
"2771",347,3,24
"2772",347,10,19
"2773",347,30,7
"2774",347,100,1
"2775",347,300,0
"2776",347,1000,0
"2777",348,0.1,38
"2778",348,1,32
"2779",348,3,18
"2780",348,10,7
"2781",348,30,0
"2782",348,100,0
"2783",348,300,0
"2784",348,1000,0
"2785",349,0.1,34
"2786",349,1,3
"2787",349,3,2
"2788",349,10,0
"2789",349,30,0
"2790",349,100,0
"2791",349,300,0
"2792",349,1000,0
"2793",350,0.1,12
"2794",350,1,10
"2795",350,3,10
"2796",350,10,1
"2797",350,30,0
"2798",350,100,0
"2799",350,300,0
"2800",350,1000,0
"2801",351,0.1,29
"2802",351,1,30
"2803",351,3,30
"2804",351,10,27
"2805",351,30,20
"2806",351,100,11
"2807",351,300,2
"2808",351,1000,0
"2809",352,0.1,5
"2810",352,1,13
"2811",352,3,5
"2812",352,10,2
"2813",352,30,0
"2814",352,100,0
"2815",352,300,0
"2816",352,1000,0
"2817",353,0.1,16
"2818",353,1,10
"2819",353,3,3
"2820",353,10,0
"2821",353,30,0
"2822",353,100,0
"2823",353,300,0
"2824",353,1000,0
"2825",354,0.1,16
"2826",354,1,21
"2827",354,3,10
"2828",354,10,2
"2829",354,30,1
"2830",354,100,0
"2831",354,300,0
"2832",354,1000,0
"2833",355,0.1,68
"2834",355,1,58
"2835",355,3,36
"2836",355,10,12
"2837",355,30,1
"2838",355,100,0
"2839",355,300,0
"2840",355,1000,0
"2841",356,0.1,22
"2842",356,1,15
"2843",356,3,2
"2844",356,10,1
"2845",356,30,2
"2846",356,100,0
"2847",356,300,0
"2848",356,1000,0
"2849",357,0.1,11
"2850",357,1,10
"2851",357,3,4
"2852",357,10,0
"2853",357,30,1
"2854",357,100,0
"2855",357,300,0
"2856",357,1000,0
"2857",358,0.1,9
"2858",358,1,3
"2859",358,3,6
"2860",358,10,7
"2861",358,30,3
"2862",358,100,1
"2863",358,300,0
"2864",358,1000,0
"2865",359,0.1,13
"2866",359,1,0
"2867",359,3,1
"2868",359,10,0
"2869",359,30,0
"2870",359,100,0
"2871",359,300,0
"2872",359,1000,0
"2873",360,0.1,22
"2874",360,1,8
"2875",360,3,1
"2876",360,10,1
"2877",360,30,0
"2878",360,100,0
"2879",360,300,0
"2880",360,1000,0
"2881",361,0.1,27
"2882",361,1,25
"2883",361,3,24
"2884",361,10,10
"2885",361,30,1
"2886",361,100,0
"2887",361,300,0
"2888",361,1000,0
"2889",362,0.1,22
"2890",362,1,11
"2891",362,3,7
"2892",362,10,1
"2893",362,30,0
"2894",362,100,0
"2895",362,300,0
"2896",362,1000,0
"2897",363,0.1,3
"2898",363,1,8
"2899",363,3,3
"2900",363,10,0
"2901",363,30,2
"2902",363,100,0
"2903",363,300,0
"2904",363,1000,0
"2905",364,0.1,11
"2906",364,1,11
"2907",364,3,7
"2908",364,10,0
"2909",364,30,0
"2910",364,100,0
"2911",364,300,0
"2912",364,1000,0
"2913",365,0.1,30
"2914",365,1,13
"2915",365,3,3
"2916",365,10,1
"2917",365,30,0
"2918",365,100,0
"2919",365,300,0
"2920",365,1000,0
"2921",366,0.1,41
"2922",366,1,9
"2923",366,3,0
"2924",366,10,0
"2925",366,30,1
"2926",366,100,0
"2927",366,300,0
"2928",366,1000,0
"2929",367,0.1,55
"2930",367,1,35
"2931",367,3,22
"2932",367,10,3
"2933",367,30,0
"2934",367,100,0
"2935",367,300,0
"2936",367,1000,0
"2937",368,0.1,6
"2938",368,1,2
"2939",368,3,0
"2940",368,10,2
"2941",368,30,0
"2942",368,100,0
"2943",368,300,0
"2944",368,1000,0
"2945",369,0.1,18
"2946",369,1,1
"2947",369,3,0
"2948",369,10,0
"2949",369,30,0
"2950",369,100,0
"2951",369,300,0
"2952",369,1000,0
"2953",370,0.1,18
"2954",370,1,12
"2955",370,3,12
"2956",370,10,6
"2957",370,30,2
"2958",370,100,0
"2959",370,300,0
"2960",370,1000,0
"2961",371,0.1,2
"2962",371,1,2
"2963",371,3,1
"2964",371,10,0
"2965",371,30,1
"2966",371,100,1
"2967",371,300,0
"2968",371,1000,0
"2969",372,0.1,28
"2970",372,1,8
"2971",372,3,1
"2972",372,10,0
"2973",372,30,2
"2974",372,100,0
"2975",372,300,0
"2976",372,1000,0
"2977",373,0.1,50
"2978",373,1,30
"2979",373,3,11
"2980",373,10,0
"2981",373,30,0
"2982",373,100,0
"2983",373,300,0
"2984",373,1000,0
"2985",374,0.1,30
"2986",374,1,25
"2987",374,3,20
"2988",374,10,10
"2989",374,30,4
"2990",374,100,0
"2991",374,300,0
"2992",374,1000,0
"2993",375,0.1,8
"2994",375,1,7
"2995",375,3,11
"2996",375,10,7
"2997",375,30,6
"2998",375,100,1
"2999",375,300,0
"3000",375,1000,0
"3001",376,0.1,19
"3002",376,1,13
"3003",376,3,9
"3004",376,10,3
"3005",376,30,0
"3006",376,100,0
"3007",376,300,0
"3008",376,1000,0
"3009",377,0.1,18
"3010",377,1,18
"3011",377,3,11
"3012",377,10,3
"3013",377,30,0
"3014",377,100,0
"3015",377,300,0
"3016",377,1000,0
"3017",378,0.1,1
"3018",378,1,5
"3019",378,3,6
"3020",378,10,1
"3021",378,30,0
"3022",378,100,0
"3023",378,300,0
"3024",378,1000,0
"3025",379,0.1,23
"3026",379,1,17
"3027",379,3,10
"3028",379,10,5
"3029",379,30,0
"3030",379,100,0
"3031",379,300,0
"3032",379,1000,0
"3033",380,0.1,15
"3034",380,1,4
"3035",380,3,1
"3036",380,10,0
"3037",380,30,1
"3038",380,100,0
"3039",380,300,0
"3040",380,1000,0
"3041",381,0.1,11
"3042",381,1,11
"3043",381,3,1
"3044",381,10,1
"3045",381,30,0
"3046",381,100,0
"3047",381,300,0
"3048",381,1000,0
"3049",382,0.1,4
"3050",382,1,4
"3051",382,3,4
"3052",382,10,2
"3053",382,30,1
"3054",382,100,0
"3055",382,300,0
"3056",382,1000,0
"3057",383,0.1,28
"3058",383,1,0
"3059",383,3,1
"3060",383,10,0
"3061",383,30,0
"3062",383,100,0
"3063",383,300,0
"3064",383,1000,0
"3065",384,0.1,17
"3066",384,1,13
"3067",384,3,9
"3068",384,10,4
"3069",384,30,1
"3070",384,100,0
"3071",384,300,0
"3072",384,1000,0
"3073",385,0.1,14
"3074",385,1,12
"3075",385,3,10
"3076",385,10,3
"3077",385,30,0
"3078",385,100,0
"3079",385,300,0
"3080",385,1000,0
"3081",386,0.1,35
"3082",386,1,21
"3083",386,3,9
"3084",386,10,3
"3085",386,30,2
"3086",386,100,0
"3087",386,300,0
"3088",386,1000,0
"3089",387,0.1,5
"3090",387,1,5
"3091",387,3,5
"3092",387,10,4
"3093",387,30,1
"3094",387,100,0
"3095",387,300,0
"3096",387,1000,0
"3097",388,0.1,1
"3098",388,1,0
"3099",388,3,0
"3100",388,10,1
"3101",388,30,1
"3102",388,100,0
"3103",388,300,0
"3104",388,1000,0
"3105",389,0.1,19
"3106",389,1,3
"3107",389,3,0
"3108",389,10,1
"3109",389,30,0
"3110",389,100,0
"3111",389,300,0
"3112",389,1000,0
"3113",390,0.1,14
"3114",390,1,6
"3115",390,3,6
"3116",390,10,2
"3117",390,30,4
"3118",390,100,0
"3119",390,300,0
"3120",390,1000,0
"3121",391,0.1,14
"3122",391,1,12
"3123",391,3,5
"3124",391,10,2
"3125",391,30,0
"3126",391,100,0
"3127",391,300,0
"3128",391,1000,0
"3129",392,0.1,38
"3130",392,1,27
"3131",392,3,18
"3132",392,10,0
"3133",392,30,0
"3134",392,100,0
"3135",392,300,0
"3136",392,1000,0
"3137",393,0.1,5
"3138",393,1,9
"3139",393,3,9
"3140",393,10,4
"3141",393,30,0
"3142",393,100,0
"3143",393,300,0
"3144",393,1000,0
"3145",394,0.1,30
"3146",394,1,21
"3147",394,3,9
"3148",394,10,0
"3149",394,30,0
"3150",394,100,0
"3151",394,300,0
"3152",394,1000,0
"3153",395,0.1,11
"3154",395,1,13
"3155",395,3,9
"3156",395,10,3
"3157",395,30,6
"3158",395,100,1
"3159",395,300,0
"3160",395,1000,0
"3161",396,0.1,26
"3162",396,1,13
"3163",396,3,11
"3164",396,10,3
"3165",396,30,0
"3166",396,100,0
"3167",396,300,0
"3168",396,1000,0
"3169",397,0.1,18
"3170",397,1,18
"3171",397,3,24
"3172",397,10,14
"3173",397,30,7
"3174",397,100,1
"3175",397,300,0
"3176",397,1000,0
"3177",398,0.1,18
"3178",398,1,20
"3179",398,3,19
"3180",398,10,7
"3181",398,30,0
"3182",398,100,0
"3183",398,300,0
"3184",398,1000,0
"3185",399,0.1,0
"3186",399,1,2
"3187",399,3,4
"3188",399,10,2
"3189",399,30,0
"3190",399,100,0
"3191",399,300,0
"3192",399,1000,0
"3193",400,0.1,12
"3194",400,1,4
"3195",400,3,2
"3196",400,10,3
"3197",400,30,0
"3198",400,100,0
"3199",400,300,0
"3200",400,1000,0
"3201",401,0.1,14
"3202",401,1,0
"3203",401,3,0
"3204",401,10,1
"3205",401,30,0
"3206",401,100,0
"3207",401,300,0
"3208",401,1000,0
"3209",402,0.1,7
"3210",402,1,6
"3211",402,3,6
"3212",402,10,4
"3213",402,30,2
"3214",402,100,0
"3215",402,300,0
"3216",402,1000,0
"3217",403,0.1,24
"3218",403,1,6
"3219",403,3,0
"3220",403,10,0
"3221",403,30,0
"3222",403,100,0
"3223",403,300,0
"3224",403,1000,0
"3225",404,0.1,62
"3226",404,1,36
"3227",404,3,15
"3228",404,10,2
"3229",404,30,1
"3230",404,100,0
"3231",404,300,0
"3232",404,1000,0
"3233",405,0.1,19
"3234",405,1,15
"3235",405,3,12
"3236",405,10,4
"3237",405,30,1
"3238",405,100,0
"3239",405,300,0
"3240",405,1000,0
"3241",406,0.1,10
"3242",406,1,10
"3243",406,3,8
"3244",406,10,5
"3245",406,30,0
"3246",406,100,0
"3247",406,300,0
"3248",406,1000,0
"3249",407,0.1,39
"3250",407,1,19
"3251",407,3,3
"3252",407,10,4
"3253",407,30,0
"3254",407,100,1
"3255",407,300,0
"3256",407,1000,0
"3257",408,0.1,17
"3258",408,1,15
"3259",408,3,9
"3260",408,10,0
"3261",408,30,0
"3262",408,100,0
"3263",408,300,0
"3264",408,1000,0
"3265",409,0.1,15
"3266",409,1,3
"3267",409,3,2
"3268",409,10,0
"3269",409,30,0
"3270",409,100,0
"3271",409,300,0
"3272",409,1000,0
"3273",410,0.1,23
"3274",410,1,25
"3275",410,3,11
"3276",410,10,2
"3277",410,30,0
"3278",410,100,0
"3279",410,300,0
"3280",410,1000,0
"3281",411,0.1,43
"3282",411,1,29
"3283",411,3,17
"3284",411,10,0
"3285",411,30,0
"3286",411,100,0
"3287",411,300,0
"3288",411,1000,0
"3289",412,0.1,18
"3290",412,1,14
"3291",412,3,12
"3292",412,10,4
"3293",412,30,0
"3294",412,100,0
"3295",412,300,0
"3296",412,1000,0
"3297",413,0.1,20
"3298",413,1,4
"3299",413,3,4
"3300",413,10,0
"3301",413,30,0
"3302",413,100,0
"3303",413,300,0
"3304",413,1000,0
"3305",414,0.1,8
"3306",414,1,2
"3307",414,3,0
"3308",414,10,0
"3309",414,30,0
"3310",414,100,0
"3311",414,300,0
"3312",414,1000,0
"3313",415,0.1,21
"3314",415,1,0
"3315",415,3,0
"3316",415,10,0
"3317",415,30,1
"3318",415,100,0
"3319",415,300,0
"3320",415,1000,0
"3321",416,0.1,11
"3322",416,1,8
"3323",416,3,16
"3324",416,10,3
"3325",416,30,2
"3326",416,100,0
"3327",416,300,0
"3328",416,1000,0
"3329",417,0.1,27
"3330",417,1,11
"3331",417,3,6
"3332",417,10,0
"3333",417,30,0
"3334",417,100,0
"3335",417,300,0
"3336",417,1000,0
"3337",418,0.1,30
"3338",418,1,36
"3339",418,3,28
"3340",418,10,14
"3341",418,30,4
"3342",418,100,0
"3343",418,300,0
"3344",418,1000,0
"3345",419,0.1,43
"3346",419,1,33
"3347",419,3,30
"3348",419,10,6
"3349",419,30,2
"3350",419,100,0
"3351",419,300,0
"3352",419,1000,0
"3353",420,0.1,17
"3354",420,1,6
"3355",420,3,0
"3356",420,10,4
"3357",420,30,1
"3358",420,100,0
"3359",420,300,0
"3360",420,1000,0
"3361",421,0.1,28
"3362",421,1,1
"3363",421,3,0
"3364",421,10,0
"3365",421,30,0
"3366",421,100,0
"3367",421,300,0
"3368",421,1000,0
"3369",422,0.1,16
"3370",422,1,10
"3371",422,3,7
"3372",422,10,0
"3373",422,30,1
"3374",422,100,0
"3375",422,300,0
"3376",422,1000,0
"3377",423,0.1,30
"3378",423,1,24
"3379",423,3,23
"3380",423,10,23
"3381",423,30,17
"3382",423,100,7
"3383",423,300,1
"3384",423,1000,0
"3385",424,0.1,20
"3386",424,1,5
"3387",424,3,3
"3388",424,10,1
"3389",424,30,0
"3390",424,100,0
"3391",424,300,0
"3392",424,1000,0
"3393",425,0.1,9
"3394",425,1,6
"3395",425,3,7
"3396",425,10,0
"3397",425,30,0
"3398",425,100,0
"3399",425,300,0
"3400",425,1000,0
"3401",426,0.1,20
"3402",426,1,7
"3403",426,3,0
"3404",426,10,0
"3405",426,30,0
"3406",426,100,0
"3407",426,300,0
"3408",426,1000,0
"3409",427,0.1,37
"3410",427,1,15
"3411",427,3,3
"3412",427,10,6
"3413",427,30,2
"3414",427,100,0
"3415",427,300,0
"3416",427,1000,0
"3417",428,0.1,29
"3418",428,1,21
"3419",428,3,14
"3420",428,10,6
"3421",428,30,1
"3422",428,100,0
"3423",428,300,0
"3424",428,1000,0
"3425",429,0.1,9
"3426",429,1,5
"3427",429,3,10
"3428",429,10,3
"3429",429,30,1
"3430",429,100,0
"3431",429,300,0
"3432",429,1000,0
"3433",430,0.1,3
"3434",430,1,3
"3435",430,3,1
"3436",430,10,2
"3437",430,30,0
"3438",430,100,0
"3439",430,300,0
"3440",430,1000,0
"3441",431,0.1,20
"3442",431,1,24
"3443",431,3,19
"3444",431,10,15
"3445",431,30,9
"3446",431,100,2
"3447",431,300,0
"3448",431,1000,0
"3449",432,0.1,16
"3450",432,1,16
"3451",432,3,16
"3452",432,10,13
"3453",432,30,8
"3454",432,100,3
"3455",432,300,0
"3456",432,1000,0
"3457",433,0.1,16
"3458",433,1,16
"3459",433,3,18
"3460",433,10,11
"3461",433,30,2
"3462",433,100,1
"3463",433,300,0
"3464",433,1000,0
"3465",434,0.1,38
"3466",434,1,24
"3467",434,3,9
"3468",434,10,0
"3469",434,30,1
"3470",434,100,0
"3471",434,300,0
"3472",434,1000,0
"3473",435,0.1,8
"3474",435,1,7
"3475",435,3,5
"3476",435,10,0
"3477",435,30,1
"3478",435,100,0
"3479",435,300,0
"3480",435,1000,0
"3481",436,0.1,22
"3482",436,1,2
"3483",436,3,1
"3484",436,10,0
"3485",436,30,1
"3486",436,100,0
"3487",436,300,0
"3488",436,1000,0
"3489",437,0.1,42
"3490",437,1,50
"3491",437,3,29
"3492",437,10,13
"3493",437,30,3
"3494",437,100,0
"3495",437,300,0
"3496",437,1000,0
"3497",438,0.1,20
"3498",438,1,20
"3499",438,3,16
"3500",438,10,7
"3501",438,30,1
"3502",438,100,0
"3503",438,300,0
"3504",438,1000,0
"3505",439,0.1,14
"3506",439,1,6
"3507",439,3,12
"3508",439,10,10
"3509",439,30,7
"3510",439,100,1
"3511",439,300,0
"3512",439,1000,0
"3513",440,0.1,12
"3514",440,1,7
"3515",440,3,2
"3516",440,10,1
"3517",440,30,0
"3518",440,100,0
"3519",440,300,0
"3520",440,1000,0
"3521",441,0.1,30
"3522",441,1,2
"3523",441,3,3
"3524",441,10,2
"3525",441,30,1
"3526",441,100,0
"3527",441,300,0
"3528",441,1000,0
"3529",442,0.1,13
"3530",442,1,9
"3531",442,3,1
"3532",442,10,2
"3533",442,30,0
"3534",442,100,0
"3535",442,300,0
"3536",442,1000,0
"3537",443,0.1,39
"3538",443,1,25
"3539",443,3,12
"3540",443,10,2
"3541",443,30,0
"3542",443,100,0
"3543",443,300,0
"3544",443,1000,0
"3545",444,0.1,56
"3546",444,1,26
"3547",444,3,3
"3548",444,10,0
"3549",444,30,1
"3550",444,100,0
"3551",444,300,0
"3552",444,1000,0
"3553",445,0.1,24
"3554",445,1,14
"3555",445,3,9
"3556",445,10,3
"3557",445,30,1
"3558",445,100,0
"3559",445,300,0
"3560",445,1000,0
"3561",446,0.1,9
"3562",446,1,4
"3563",446,3,1
"3564",446,10,0
"3565",446,30,1
"3566",446,100,0
"3567",446,300,0
"3568",446,1000,0
"3569",447,0.1,42
"3570",447,1,4
"3571",447,3,2
"3572",447,10,1
"3573",447,30,3
"3574",447,100,0
"3575",447,300,0
"3576",447,1000,0
"3577",448,0.1,9
"3578",448,1,6
"3579",448,3,3
"3580",448,10,0
"3581",448,30,0
"3582",448,100,0
"3583",448,300,0
"3584",448,1000,0
"3585",449,0.1,9
"3586",449,1,11
"3587",449,3,13
"3588",449,10,11
"3589",449,30,8
"3590",449,100,3
"3591",449,300,0
"3592",449,1000,0
"3593",450,0.1,1
"3594",450,1,3
"3595",450,3,5
"3596",450,10,3
"3597",450,30,0
"3598",450,100,0
"3599",450,300,0
"3600",450,1000,0
"3601",451,0.1,29
"3602",451,1,20
"3603",451,3,14
"3604",451,10,3
"3605",451,30,0
"3606",451,100,0
"3607",451,300,0
"3608",451,1000,0
"3609",452,0.1,7
"3610",452,1,0
"3611",452,3,0
"3612",452,10,0
"3613",452,30,1
"3614",452,100,0
"3615",452,300,0
"3616",452,1000,0
"3617",453,0.1,9
"3618",453,1,6
"3619",453,3,11
"3620",453,10,9
"3621",453,30,2
"3622",453,100,1
"3623",453,300,0
"3624",453,1000,0
"3625",454,0.1,26
"3626",454,1,20
"3627",454,3,23
"3628",454,10,23
"3629",454,30,20
"3630",454,100,15
"3631",454,300,7
"3632",454,1000,1
"3633",455,0.1,20
"3634",455,1,20
"3635",455,3,19
"3636",455,10,9
"3637",455,30,2
"3638",455,100,0
"3639",455,300,0
"3640",455,1000,0
"3641",456,0.1,6
"3642",456,1,10
"3643",456,3,3
"3644",456,10,4
"3645",456,30,1
"3646",456,100,0
"3647",456,300,0
"3648",456,1000,0
"3649",457,0.1,23
"3650",457,1,18
"3651",457,3,13
"3652",457,10,4
"3653",457,30,0
"3654",457,100,0
"3655",457,300,0
"3656",457,1000,0
"3657",458,0.1,13
"3658",458,1,13
"3659",458,3,8
"3660",458,10,5
"3661",458,30,1
"3662",458,100,0
"3663",458,300,0
"3664",458,1000,0
"3665",459,0.1,4
"3666",459,1,7
"3667",459,3,4
"3668",459,10,3
"3669",459,30,3
"3670",459,100,0
"3671",459,300,0
"3672",459,1000,0
"3673",460,0.1,19
"3674",460,1,5
"3675",460,3,0
"3676",460,10,0
"3677",460,30,0
"3678",460,100,0
"3679",460,300,0
"3680",460,1000,0
"3681",461,0.1,20
"3682",461,1,14
"3683",461,3,11
"3684",461,10,3
"3685",461,30,0
"3686",461,100,0
"3687",461,300,0
"3688",461,1000,0
"3689",462,0.1,24
"3690",462,1,16
"3691",462,3,8
"3692",462,10,1
"3693",462,30,1
"3694",462,100,0
"3695",462,300,0
"3696",462,1000,0
"3697",463,0.1,10
"3698",463,1,3
"3699",463,3,0
"3700",463,10,0
"3701",463,30,2
"3702",463,100,0
"3703",463,300,0
"3704",463,1000,0
"3705",464,0.1,17
"3706",464,1,4
"3707",464,3,4
"3708",464,10,0
"3709",464,30,0
"3710",464,100,0
"3711",464,300,0
"3712",464,1000,0
"3713",465,0.1,28
"3714",465,1,21
"3715",465,3,17
"3716",465,10,4
"3717",465,30,2
"3718",465,100,0
"3719",465,300,0
"3720",465,1000,0
"3721",466,0.1,24
"3722",466,1,10
"3723",466,3,0
"3724",466,10,0
"3725",466,30,1
"3726",466,100,0
"3727",466,300,0
"3728",466,1000,0
"3729",467,0.1,23
"3730",467,1,17
"3731",467,3,12
"3732",467,10,8
"3733",467,30,2
"3734",467,100,0
"3735",467,300,0
"3736",467,1000,0
"3737",468,0.1,40
"3738",468,1,7
"3739",468,3,3
"3740",468,10,0
"3741",468,30,1
"3742",468,100,0
"3743",468,300,0
"3744",468,1000,0
"3745",469,0.1,34
"3746",469,1,6
"3747",469,3,0
"3748",469,10,0
"3749",469,30,1
"3750",469,100,0
"3751",469,300,0
"3752",469,1000,0
"3753",470,0.1,22
"3754",470,1,15
"3755",470,3,11
"3756",470,10,0
"3757",470,30,0
"3758",470,100,0
"3759",470,300,0
"3760",470,1000,0
"3761",471,0.1,15
"3762",471,1,14
"3763",471,3,17
"3764",471,10,10
"3765",471,30,7
"3766",471,100,1
"3767",471,300,0
"3768",471,1000,0
"3769",472,0.1,29
"3770",472,1,13
"3771",472,3,3
"3772",472,10,0
"3773",472,30,1
"3774",472,100,0
"3775",472,300,0
"3776",472,1000,0
"3777",473,0.1,3
"3778",473,1,0
"3779",473,3,0
"3780",473,10,0
"3781",473,30,0
"3782",473,100,0
"3783",473,300,0
"3784",473,1000,0
"3785",474,0.1,32
"3786",474,1,24
"3787",474,3,12
"3788",474,10,1
"3789",474,30,0
"3790",474,100,0
"3791",474,300,0
"3792",474,1000,0
"3793",475,0.1,8
"3794",475,1,6
"3795",475,3,5
"3796",475,10,2
"3797",475,30,1
"3798",475,100,0
"3799",475,300,0
"3800",475,1000,0
"3801",476,0.1,0
"3802",476,1,6
"3803",476,3,1
"3804",476,10,2
"3805",476,30,0
"3806",476,100,0
"3807",476,300,0
"3808",476,1000,0
"3809",477,0.1,11
"3810",477,1,8
"3811",477,3,7
"3812",477,10,0
"3813",477,30,0
"3814",477,100,0
"3815",477,300,0
"3816",477,1000,0
"3817",478,0.1,43
"3818",478,1,40
"3819",478,3,29
"3820",478,10,12
"3821",478,30,1
"3822",478,100,1
"3823",478,300,0
"3824",478,1000,0
"3825",479,0.1,35
"3826",479,1,26
"3827",479,3,15
"3828",479,10,4
"3829",479,30,0
"3830",479,100,0
"3831",479,300,0
"3832",479,1000,0
"3833",480,0.1,11
"3834",480,1,13
"3835",480,3,10
"3836",480,10,7
"3837",480,30,7
"3838",480,100,3
"3839",480,300,0
"3840",480,1000,0
"3841",481,0.1,11
"3842",481,1,2
"3843",481,3,0
"3844",481,10,3
"3845",481,30,0
"3846",481,100,0
"3847",481,300,0
"3848",481,1000,0
"3849",482,0.1,34
"3850",482,1,17
"3851",482,3,11
"3852",482,10,1
"3853",482,30,1
"3854",482,100,0
"3855",482,300,0
"3856",482,1000,0
"3857",483,0.1,7
"3858",483,1,3
"3859",483,3,6
"3860",483,10,0
"3861",483,30,0
"3862",483,100,0
"3863",483,300,0
"3864",483,1000,0
"3865",484,0.1,16
"3866",484,1,12
"3867",484,3,12
"3868",484,10,9
"3869",484,30,6
"3870",484,100,1
"3871",484,300,0
"3872",484,1000,0
"3873",485,0.1,18
"3874",485,1,14
"3875",485,3,6
"3876",485,10,1
"3877",485,30,0
"3878",485,100,0
"3879",485,300,0
"3880",485,1000,0
"3881",486,0.1,21
"3882",486,1,9
"3883",486,3,5
"3884",486,10,1
"3885",486,30,0
"3886",486,100,0
"3887",486,300,0
"3888",486,1000,0
"3889",487,0.1,33
"3890",487,1,18
"3891",487,3,7
"3892",487,10,0
"3893",487,30,0
"3894",487,100,1
"3895",487,300,0
"3896",487,1000,0
"3897",488,0.1,3
"3898",488,1,8
"3899",488,3,6
"3900",488,10,6
"3901",488,30,4
"3902",488,100,2
"3903",488,300,0
"3904",488,1000,0
"3905",489,0.1,24
"3906",489,1,19
"3907",489,3,14
"3908",489,10,7
"3909",489,30,1
"3910",489,100,1
"3911",489,300,0
"3912",489,1000,0
"3913",490,0.1,0
"3914",490,1,2
"3915",490,3,1
"3916",490,10,2
"3917",490,30,2
"3918",490,100,2
"3919",490,300,1
"3920",490,1000,0
"3921",491,0.1,12
"3922",491,1,12
"3923",491,3,9
"3924",491,10,9
"3925",491,30,7
"3926",491,100,1
"3927",491,300,0
"3928",491,1000,0
"3929",492,0.1,33
"3930",492,1,33
"3931",492,3,26
"3932",492,10,17
"3933",492,30,3
"3934",492,100,0
"3935",492,300,0
"3936",492,1000,0
"3937",493,0.1,26
"3938",493,1,26
"3939",493,3,19
"3940",493,10,2
"3941",493,30,0
"3942",493,100,0
"3943",493,300,0
"3944",493,1000,0
"3945",494,0.1,7
"3946",494,1,5
"3947",494,3,14
"3948",494,10,9
"3949",494,30,3
"3950",494,100,1
"3951",494,300,0
"3952",494,1000,0
"3953",495,0.1,25
"3954",495,1,20
"3955",495,3,19
"3956",495,10,10
"3957",495,30,1
"3958",495,100,0
"3959",495,300,0
"3960",495,1000,0
"3961",496,0.1,15
"3962",496,1,6
"3963",496,3,2
"3964",496,10,0
"3965",496,30,0
"3966",496,100,0
"3967",496,300,0
"3968",496,1000,0
"3969",497,0.1,26
"3970",497,1,8
"3971",497,3,0
"3972",497,10,0
"3973",497,30,0
"3974",497,100,0
"3975",497,300,0
"3976",497,1000,0
"3977",498,0.1,1
"3978",498,1,6
"3979",498,3,0
"3980",498,10,0
"3981",498,30,0
"3982",498,100,0
"3983",498,300,0
"3984",498,1000,0
"3985",499,0.1,29
"3986",499,1,22
"3987",499,3,19
"3988",499,10,8
"3989",499,30,4
"3990",499,100,0
"3991",499,300,0
"3992",499,1000,0
"3993",500,0.1,32
"3994",500,1,22
"3995",500,3,26
"3996",500,10,16
"3997",500,30,4
"3998",500,100,0
"3999",500,300,0
"4000",500,1000,0
